[{"model": "auth.permission", "pk": 1, "fields": {"name": "Can add log entry", "content_type": 1, "codename": "add_logentry"}}, {"model": "auth.permission", "pk": 2, "fields": {"name": "Can change log entry", "content_type": 1, "codename": "change_logentry"}}, {"model": "auth.permission", "pk": 3, "fields": {"name": "Can delete log entry", "content_type": 1, "codename": "delete_logentry"}}, {"model": "auth.permission", "pk": 4, "fields": {"name": "Can view log entry", "content_type": 1, "codename": "view_logentry"}}, {"model": "auth.permission", "pk": 5, "fields": {"name": "Can add permission", "content_type": 2, "codename": "add_permission"}}, {"model": "auth.permission", "pk": 6, "fields": {"name": "Can change permission", "content_type": 2, "codename": "change_permission"}}, {"model": "auth.permission", "pk": 7, "fields": {"name": "Can delete permission", "content_type": 2, "codename": "delete_permission"}}, {"model": "auth.permission", "pk": 8, "fields": {"name": "Can view permission", "content_type": 2, "codename": "view_permission"}}, {"model": "auth.permission", "pk": 9, "fields": {"name": "Can add group", "content_type": 3, "codename": "add_group"}}, {"model": "auth.permission", "pk": 10, "fields": {"name": "Can change group", "content_type": 3, "codename": "change_group"}}, {"model": "auth.permission", "pk": 11, "fields": {"name": "Can delete group", "content_type": 3, "codename": "delete_group"}}, {"model": "auth.permission", "pk": 12, "fields": {"name": "Can view group", "content_type": 3, "codename": "view_group"}}, {"model": "auth.permission", "pk": 13, "fields": {"name": "Can add content type", "content_type": 4, "codename": "add_contenttype"}}, {"model": "auth.permission", "pk": 14, "fields": {"name": "Can change content type", "content_type": 4, "codename": "change_contenttype"}}, {"model": "auth.permission", "pk": 15, "fields": {"name": "Can delete content type", "content_type": 4, "codename": "delete_contenttype"}}, {"model": "auth.permission", "pk": 16, "fields": {"name": "Can view content type", "content_type": 4, "codename": "view_contenttype"}}, {"model": "auth.permission", "pk": 17, "fields": {"name": "Can add session", "content_type": 5, "codename": "add_session"}}, {"model": "auth.permission", "pk": 18, "fields": {"name": "Can change session", "content_type": 5, "codename": "change_session"}}, {"model": "auth.permission", "pk": 19, "fields": {"name": "Can delete session", "content_type": 5, "codename": "delete_session"}}, {"model": "auth.permission", "pk": 20, "fields": {"name": "Can view session", "content_type": 5, "codename": "view_session"}}, {"model": "auth.permission", "pk": 21, "fields": {"name": "Can add Asistencia", "content_type": 6, "codename": "add_asistencia"}}, {"model": "auth.permission", "pk": 22, "fields": {"name": "Can change Asistencia", "content_type": 6, "codename": "change_asistencia"}}, {"model": "auth.permission", "pk": 23, "fields": {"name": "Can delete Asistencia", "content_type": 6, "codename": "delete_asistencia"}}, {"model": "auth.permission", "pk": 24, "fields": {"name": "Can view Asistencia", "content_type": 6, "codename": "view_asistencia"}}, {"model": "auth.permission", "pk": 25, "fields": {"name": "Can add Dieta", "content_type": 7, "codename": "add_dieta"}}, {"model": "auth.permission", "pk": 26, "fields": {"name": "Can change Dieta", "content_type": 7, "codename": "change_dieta"}}, {"model": "auth.permission", "pk": 27, "fields": {"name": "Can delete Dieta", "content_type": 7, "codename": "delete_dieta"}}, {"model": "auth.permission", "pk": 28, "fields": {"name": "Can view Dieta", "content_type": 7, "codename": "view_dieta"}}, {"model": "auth.permission", "pk": 29, "fields": {"name": "Can add HistorialMiembro", "content_type": 8, "codename": "add_historialmiembro"}}, {"model": "auth.permission", "pk": 30, "fields": {"name": "Can change HistorialMiembro", "content_type": 8, "codename": "change_historialmiembro"}}, {"model": "auth.permission", "pk": 31, "fields": {"name": "Can delete HistorialMiembro", "content_type": 8, "codename": "delete_historialmiembro"}}, {"model": "auth.permission", "pk": 32, "fields": {"name": "Can view HistorialMiembro", "content_type": 8, "codename": "view_historialmiembro"}}, {"model": "auth.permission", "pk": 33, "fields": {"name": "Can add Membresia", "content_type": 9, "codename": "add_membresia"}}, {"model": "auth.permission", "pk": 34, "fields": {"name": "Can change Membresia", "content_type": 9, "codename": "change_membresia"}}, {"model": "auth.permission", "pk": 35, "fields": {"name": "Can delete Membresia", "content_type": 9, "codename": "delete_membresia"}}, {"model": "auth.permission", "pk": 36, "fields": {"name": "Can view Membresia", "content_type": 9, "codename": "view_membresia"}}, {"model": "auth.permission", "pk": 37, "fields": {"name": "Can add Miembro", "content_type": 10, "codename": "add_miembro"}}, {"model": "auth.permission", "pk": 38, "fields": {"name": "Can change Miembro", "content_type": 10, "codename": "change_miembro"}}, {"model": "auth.permission", "pk": 39, "fields": {"name": "Can delete Miembro", "content_type": 10, "codename": "delete_miembro"}}, {"model": "auth.permission", "pk": 40, "fields": {"name": "Can view Miembro", "content_type": 10, "codename": "view_miembro"}}, {"model": "auth.permission", "pk": 41, "fields": {"name": "Can add Rutinaejercicio", "content_type": 11, "codename": "add_rutinaejercicio"}}, {"model": "auth.permission", "pk": 42, "fields": {"name": "Can change Rutinaejercicio", "content_type": 11, "codename": "change_rutinaejercicio"}}, {"model": "auth.permission", "pk": 43, "fields": {"name": "Can delete Rutinaejercicio", "content_type": 11, "codename": "delete_rutinaejercicio"}}, {"model": "auth.permission", "pk": 44, "fields": {"name": "Can view Rutinaejercicio", "content_type": 11, "codename": "view_rutinaejercicio"}}, {"model": "auth.permission", "pk": 45, "fields": {"name": "Can add VentaMembresia", "content_type": 12, "codename": "add_ventamembresia"}}, {"model": "auth.permission", "pk": 46, "fields": {"name": "Can change VentaMembresia", "content_type": 12, "codename": "change_ventamembresia"}}, {"model": "auth.permission", "pk": 47, "fields": {"name": "Can delete VentaMembresia", "content_type": 12, "codename": "delete_ventamembresia"}}, {"model": "auth.permission", "pk": 48, "fields": {"name": "Can view VentaMembresia", "content_type": 12, "codename": "view_ventamembresia"}}, {"model": "auth.permission", "pk": 49, "fields": {"name": "Can add Empresa", "content_type": 13, "codename": "add_empresa"}}, {"model": "auth.permission", "pk": 50, "fields": {"name": "Can change Empresa", "content_type": 13, "codename": "change_empresa"}}, {"model": "auth.permission", "pk": 51, "fields": {"name": "Can delete Empresa", "content_type": 13, "codename": "delete_empresa"}}, {"model": "auth.permission", "pk": 52, "fields": {"name": "Can view Empresa", "content_type": 13, "codename": "view_empresa"}}, {"model": "auth.permission", "pk": 53, "fields": {"name": "Can add user", "content_type": 14, "codename": "add_user"}}, {"model": "auth.permission", "pk": 54, "fields": {"name": "Can change user", "content_type": 14, "codename": "change_user"}}, {"model": "auth.permission", "pk": 55, "fields": {"name": "Can delete user", "content_type": 14, "codename": "delete_user"}}, {"model": "auth.permission", "pk": 56, "fields": {"name": "Can view user", "content_type": 14, "codename": "view_user"}}, {"model": "auth.permission", "pk": 57, "fields": {"name": "Can add Categoria", "content_type": 15, "codename": "add_categoria"}}, {"model": "auth.permission", "pk": 58, "fields": {"name": "Can change Categoria", "content_type": 15, "codename": "change_categoria"}}, {"model": "auth.permission", "pk": 59, "fields": {"name": "Can delete Categoria", "content_type": 15, "codename": "delete_categoria"}}, {"model": "auth.permission", "pk": 60, "fields": {"name": "Can view Categoria", "content_type": 15, "codename": "view_categoria"}}, {"model": "auth.permission", "pk": 61, "fields": {"name": "Can add Compra", "content_type": 16, "codename": "add_compra"}}, {"model": "auth.permission", "pk": 62, "fields": {"name": "Can change Compra", "content_type": 16, "codename": "change_compra"}}, {"model": "auth.permission", "pk": 63, "fields": {"name": "Can delete Compra", "content_type": 16, "codename": "delete_compra"}}, {"model": "auth.permission", "pk": 64, "fields": {"name": "Can view Compra", "content_type": 16, "codename": "view_compra"}}, {"model": "auth.permission", "pk": 65, "fields": {"name": "Can add LineaVenta", "content_type": 17, "codename": "add_lineaventa"}}, {"model": "auth.permission", "pk": 66, "fields": {"name": "Can change LineaVenta", "content_type": 17, "codename": "change_lineaventa"}}, {"model": "auth.permission", "pk": 67, "fields": {"name": "Can delete LineaVenta", "content_type": 17, "codename": "delete_lineaventa"}}, {"model": "auth.permission", "pk": 68, "fields": {"name": "Can view LineaVenta", "content_type": 17, "codename": "view_lineaventa"}}, {"model": "auth.permission", "pk": 69, "fields": {"name": "Can add Producto", "content_type": 18, "codename": "add_producto"}}, {"model": "auth.permission", "pk": 70, "fields": {"name": "Can change Producto", "content_type": 18, "codename": "change_producto"}}, {"model": "auth.permission", "pk": 71, "fields": {"name": "Can delete Producto", "content_type": 18, "codename": "delete_producto"}}, {"model": "auth.permission", "pk": 72, "fields": {"name": "Can view Producto", "content_type": 18, "codename": "view_producto"}}, {"model": "auth.permission", "pk": 73, "fields": {"name": "Can add Proveedor", "content_type": 19, "codename": "add_proveedor"}}, {"model": "auth.permission", "pk": 74, "fields": {"name": "Can change Proveedor", "content_type": 19, "codename": "change_proveedor"}}, {"model": "auth.permission", "pk": 75, "fields": {"name": "Can delete Proveedor", "content_type": 19, "codename": "delete_proveedor"}}, {"model": "auth.permission", "pk": 76, "fields": {"name": "Can view Proveedor", "content_type": 19, "codename": "view_proveedor"}}, {"model": "auth.permission", "pk": 77, "fields": {"name": "Can add Venta", "content_type": 20, "codename": "add_venta"}}, {"model": "auth.permission", "pk": 78, "fields": {"name": "Can change Venta", "content_type": 20, "codename": "change_venta"}}, {"model": "auth.permission", "pk": 79, "fields": {"name": "Can delete Venta", "content_type": 20, "codename": "delete_venta"}}, {"model": "auth.permission", "pk": 80, "fields": {"name": "Can view Venta", "content_type": 20, "codename": "view_venta"}}, {"model": "auth.permission", "pk": 81, "fields": {"name": "Can add HistorialMaquinaria", "content_type": 21, "codename": "add_historialmaquinaria"}}, {"model": "auth.permission", "pk": 82, "fields": {"name": "Can change HistorialMaquinaria", "content_type": 21, "codename": "change_historialmaquinaria"}}, {"model": "auth.permission", "pk": 83, "fields": {"name": "Can delete HistorialMaquinaria", "content_type": 21, "codename": "delete_historialmaquinaria"}}, {"model": "auth.permission", "pk": 84, "fields": {"name": "Can view HistorialMaquinaria", "content_type": 21, "codename": "view_historialmaquinaria"}}, {"model": "auth.permission", "pk": 85, "fields": {"name": "Can add Maquinaria", "content_type": 22, "codename": "add_maquinaria"}}, {"model": "auth.permission", "pk": 86, "fields": {"name": "Can change Maquinaria", "content_type": 22, "codename": "change_maquinaria"}}, {"model": "auth.permission", "pk": 87, "fields": {"name": "Can delete Maquinaria", "content_type": 22, "codename": "delete_maquinaria"}}, {"model": "auth.permission", "pk": 88, "fields": {"name": "Can view Maquinaria", "content_type": 22, "codename": "view_maquinaria"}}, {"model": "auth.permission", "pk": 89, "fields": {"name": "Can add comida", "content_type": 23, "codename": "add_comida"}}, {"model": "auth.permission", "pk": 90, "fields": {"name": "Can change comida", "content_type": 23, "codename": "change_comida"}}, {"model": "auth.permission", "pk": 91, "fields": {"name": "Can delete comida", "content_type": 23, "codename": "delete_comida"}}, {"model": "auth.permission", "pk": 92, "fields": {"name": "Can view comida", "content_type": 23, "codename": "view_comida"}}, {"model": "auth.permission", "pk": 93, "fields": {"name": "Can add listadietas", "content_type": 24, "codename": "add_listadietas"}}, {"model": "auth.permission", "pk": 94, "fields": {"name": "Can change listadietas", "content_type": 24, "codename": "change_listadietas"}}, {"model": "auth.permission", "pk": 95, "fields": {"name": "Can delete listadietas", "content_type": 24, "codename": "delete_listadietas"}}, {"model": "auth.permission", "pk": 96, "fields": {"name": "Can view listadietas", "content_type": 24, "codename": "view_listadietas"}}, {"model": "auth.permission", "pk": 97, "fields": {"name": "Can add ejercicio", "content_type": 25, "codename": "add_ejercicio"}}, {"model": "auth.permission", "pk": 98, "fields": {"name": "Can change ejercicio", "content_type": 25, "codename": "change_ejercicio"}}, {"model": "auth.permission", "pk": 99, "fields": {"name": "Can delete ejercicio", "content_type": 25, "codename": "delete_ejercicio"}}, {"model": "auth.permission", "pk": 100, "fields": {"name": "Can view ejercicio", "content_type": 25, "codename": "view_ejercicio"}}, {"model": "auth.permission", "pk": 101, "fields": {"name": "Can add listarutinas", "content_type": 26, "codename": "add_listaderutinas"}}, {"model": "auth.permission", "pk": 102, "fields": {"name": "Can change listarutinas", "content_type": 26, "codename": "change_listaderutinas"}}, {"model": "auth.permission", "pk": 103, "fields": {"name": "Can delete listarutinas", "content_type": 26, "codename": "delete_listaderutinas"}}, {"model": "auth.permission", "pk": 104, "fields": {"name": "Can view listarutinas", "content_type": 26, "codename": "view_listaderutinas"}}, {"model": "auth.permission", "pk": 105, "fields": {"name": "Can add rutina", "content_type": 27, "codename": "add_rutina"}}, {"model": "auth.permission", "pk": 106, "fields": {"name": "Can change rutina", "content_type": 27, "codename": "change_rutina"}}, {"model": "auth.permission", "pk": 107, "fields": {"name": "Can delete rutina", "content_type": 27, "codename": "delete_rutina"}}, {"model": "auth.permission", "pk": 108, "fields": {"name": "Can view rutina", "content_type": 27, "codename": "view_rutina"}}, {"model": "contenttypes.contenttype", "pk": 1, "fields": {"app_label": "admin", "model": "logentry"}}, {"model": "contenttypes.contenttype", "pk": 2, "fields": {"app_label": "auth", "model": "permission"}}, {"model": "contenttypes.contenttype", "pk": 3, "fields": {"app_label": "auth", "model": "group"}}, {"model": "contenttypes.contenttype", "pk": 4, "fields": {"app_label": "contenttypes", "model": "contenttype"}}, {"model": "contenttypes.contenttype", "pk": 5, "fields": {"app_label": "sessions", "model": "session"}}, {"model": "contenttypes.contenttype", "pk": 6, "fields": {"app_label": "AppControlDeClientes", "model": "asistencia"}}, {"model": "contenttypes.contenttype", "pk": 7, "fields": {"app_label": "AppControlDeClientes", "model": "dieta"}}, {"model": "contenttypes.contenttype", "pk": 8, "fields": {"app_label": "AppControlDeClientes", "model": "historialmiembro"}}, {"model": "contenttypes.contenttype", "pk": 9, "fields": {"app_label": "AppControlDeClientes", "model": "membresia"}}, {"model": "contenttypes.contenttype", "pk": 10, "fields": {"app_label": "AppControlDeClientes", "model": "miembro"}}, {"model": "contenttypes.contenttype", "pk": 11, "fields": {"app_label": "AppControlDeClientes", "model": "rutinaejercicio"}}, {"model": "contenttypes.contenttype", "pk": 12, "fields": {"app_label": "AppControlDeClientes", "model": "ventamembresia"}}, {"model": "contenttypes.contenttype", "pk": 13, "fields": {"app_label": "AppUsers", "model": "empresa"}}, {"model": "contenttypes.contenttype", "pk": 14, "fields": {"app_label": "AppUsers", "model": "user"}}, {"model": "contenttypes.contenttype", "pk": 15, "fields": {"app_label": "AppInventario", "model": "categoria"}}, {"model": "contenttypes.contenttype", "pk": 16, "fields": {"app_label": "AppInventario", "model": "compra"}}, {"model": "contenttypes.contenttype", "pk": 17, "fields": {"app_label": "AppInventario", "model": "lineaventa"}}, {"model": "contenttypes.contenttype", "pk": 18, "fields": {"app_label": "AppInventario", "model": "producto"}}, {"model": "contenttypes.contenttype", "pk": 19, "fields": {"app_label": "AppInventario", "model": "proveedor"}}, {"model": "contenttypes.contenttype", "pk": 20, "fields": {"app_label": "AppInventario", "model": "venta"}}, {"model": "contenttypes.contenttype", "pk": 21, "fields": {"app_label": "AppInventarioMaquinaria", "model": "historialmaquinaria"}}, {"model": "contenttypes.contenttype", "pk": 22, "fields": {"app_label": "AppInventarioMaquinaria", "model": "maquinaria"}}, {"model": "contenttypes.contenttype", "pk": 23, "fields": {"app_label": "AppControlDeClientes", "model": "comida"}}, {"model": "contenttypes.contenttype", "pk": 24, "fields": {"app_label": "AppControlDeClientes", "model": "listadietas"}}, {"model": "contenttypes.contenttype", "pk": 25, "fields": {"app_label": "AppControlDeClientes", "model": "ejercicio"}}, {"model": "contenttypes.contenttype", "pk": 26, "fields": {"app_label": "AppControlDeClientes", "model": "listaderutinas"}}, {"model": "contenttypes.contenttype", "pk": 27, "fields": {"app_label": "AppControlDeClientes", "model": "rutina"}}, {"model": "sessions.session", "pk": "0mazmf2lkgcklvvxxor0wgq6awihew95", "fields": {"session_data": ".eJxVjEEOwiAQRe_C2hBgBhSX7j0DmYGpVA1NSrsy3l2bdKHb_977L5VoXWpau8xpLOqsTurwuzHlh7QNlDu126Tz1JZ5ZL0peqddX6ciz8vu_h1U6vVbUzbeeeOcGOOMNwTikGKICJkDYCzHEi0DM1oCL4iAEiIXtsMAIaj3B7x-Nyo:1rPAav:nC4JaWrrw3hnT2zrG81KUk35rNg_pEdpnQrX2MvEbLg", "expire_date": "2024-01-29T00:12:49.238Z"}}, {"model": "sessions.session", "pk": "1fm39jwfs41kht42maex9cuvx88h790h", "fields": {"session_data": ".eJxVjEsOAiEQBe_C2pDIt3Hp3jOQhm5k1EAyn9XEuyvJLHT7qurtIuK21rgtPMeJxEWAOP1uCfOT2wD0wHbvMve2zlOSQ5EHXeStE7-uh_t3UHGpowYuCrPK2VrnAwejjdLKM1nDyRTMbCl4BudBEwBTKtadPXwhgnPi_QH_kDhq:1qxzQc:Z7fC6woHdikGoH67ypUY0nFk7QOej5egjTypwPxmpxQ", "expire_date": "2023-11-15T00:49:50.601Z"}}, {"model": "sessions.session", "pk": "1xxsfno0x0orojas0dozgsn0a0mijjh5", "fields": {"session_data": ".eJxVjEsOAiEQBe_C2pDIt3Hp3jOQhm5k1EAyn9XEuyvJLHT7qurtIuK21rgtPMeJxEWAOP1uCfOT2wD0wHbvMve2zlOSQ5EHXeStE7-uh_t3UHGpowYuCrPK2VrnAwejjdLKM1nDyRTMbCl4BudBEwBTKtadPXwhgnPi_QH_kDhq:1qvlZm:_-OqEHALtyBfHWrd2kRpMRgAJZiGpMB4GW1uakCH5cw", "expire_date": "2023-11-08T21:38:06.466Z"}}, {"model": "sessions.session", "pk": "3cbkvpspliimrbivsgioc1aql63y23hh", "fields": {"session_data": ".eJxVjMsOwiAURP-FtSG8BZfu_QYC93KlaiAp7cr477ZJF7qbzDkzbxbTutS4jjLHCdmFScNOv2VO8CxtJ_hI7d459LbMU-a7wg86-K1jeV0P9--gplG3tdeQFFHWMmRb0NsAaKVAEhTQgQAlzTmI4pNDQqcNkd0y2IAKi3Ts8wUmuTjW:1r3LTv:60Ubj7lEeYdY98cYJuL33nUW8swFIFZ0s-NGcVEkSYM", "expire_date": "2023-11-29T19:23:23.312Z"}}, {"model": "sessions.session", "pk": "g6uv3gs6yom26177e6d0ccwphbn3ng85", "fields": {"session_data": ".eJxVjEsOAiEQBe_C2pDIt3Hp3jOQhm5k1EAyn9XEuyvJLHT7qurtIuK21rgtPMeJxEWAOP1uCfOT2wD0wHbvMve2zlOSQ5EHXeStE7-uh_t3UHGpowYuCrPK2VrnAwejjdLKM1nDyRTMbCl4BudBEwBTKtadPXwhgnPi_QH_kDhq:1r0SfJ:2Igpo4e3E5h-qK53WoIBTtY53HtQfPpQ3NldhH07alM", "expire_date": "2023-11-21T20:27:13.551Z"}}, {"model": "sessions.session", "pk": "gnwqjiynhc3gz69so8jxl3pd4qzkvolm", "fields": {"session_data": ".eJxVjMsOwiAURP-FtSG8BZfu_QYC93KlaiAp7cr477ZJF7qbzDkzbxbTutS4jjLHCdmFScNOv2VO8CxtJ_hI7d459LbMU-a7wg86-K1jeV0P9--gplG3tdeQFFHWMmRb0NsAaKVAEhTQgQAlzTmI4pNDQqcNkd0y2IAKi3Ts8wUmuTjW:1r3NNC:-g3eTvkCc5GslAt4sqBKk9f9W4R1R_mzgV3IxzLf9YE", "expire_date": "2023-11-29T21:24:34.549Z"}}, {"model": "sessions.session", "pk": "jgt7aimg3u7aztp2h9u414vrk8e2rb69", "fields": {"session_data": ".eJxVjEsOAiEQBe_C2pDIt3Hp3jOQhm5k1EAyn9XEuyvJLHT7qurtIuK21rgtPMeJxEWAOP1uCfOT2wD0wHbvMve2zlOSQ5EHXeStE7-uh_t3UHGpowYuCrPK2VrnAwejjdLKM1nDyRTMbCl4BudBEwBTKtadPXwhgnPi_QH_kDhq:1r3NyV:v6LUdvKJrXkLq_jU_3JktlvQaHBnCAKniqX3V8EGuvs", "expire_date": "2023-11-29T22:03:07.708Z"}}, {"model": "sessions.session", "pk": "kreqycxtkch6msqfv9el3vbs97d1c9r7", "fields": {"session_data": ".eJxVjEsOAiEQBe_C2pDIt3Hp3jOQhm5k1EAyn9XEuyvJLHT7qurtIuK21rgtPMeJxEWAOP1uCfOT2wD0wHbvMve2zlOSQ5EHXeStE7-uh_t3UHGpowYuCrPK2VrnAwejjdLKM1nDyRTMbCl4BudBEwBTKtadPXwhgnPi_QH_kDhq:1rBxe3:Srmkt659Z6ZU2QG_xkMr4GYLz7IMBCEgMxqBfm6gWxk", "expire_date": "2023-12-23T13:45:27.860Z"}}, {"model": "sessions.session", "pk": "l6y9gwyw1cla0xjzkoywaspus1ju6dy5", "fields": {"session_data": ".eJxVjEsOAiEQBe_C2pDIt3Hp3jOQhm5k1EAyn9XEuyvJLHT7qurtIuK21rgtPMeJxEWAOP1uCfOT2wD0wHbvMve2zlOSQ5EHXeStE7-uh_t3UHGpowYuCrPK2VrnAwejjdLKM1nDyRTMbCl4BudBEwBTKtadPXwhgnPi_QH_kDhq:1r3NET:OAiq4zCwt4u_Na5czgGluSTvWzofCw5Ku2yr0C_i97M", "expire_date": "2023-11-29T21:15:33.741Z"}}, {"model": "sessions.session", "pk": "njmxl5v5nulol0n42lc18ko2gximgal9", "fields": {"session_data": ".eJxVjMsOwiAURP-FtSG8BZfu_QYC93KlaiAp7cr477ZJF7qbzDkzbxbTutS4jjLHCdmFScNOv2VO8CxtJ_hI7d459LbMU-a7wg86-K1jeV0P9--gplG3tdeQFFHWMmRb0NsAaKVAEhTQgQAlzTmI4pNDQqcNkd0y2IAKi3Ts8wUmuTjW:1r3NFa:n56SaI9RpFbxGG0SMx4l-fUb0aAM4mz0lYXvLC_5Skk", "expire_date": "2023-11-29T21:16:42.009Z"}}, {"model": "sessions.session", "pk": "vcb8hc1bqe82ikkwjb37v40hoftq96wd", "fields": {"session_data": ".eJxVjEsOAiEQBe_C2pDIt3Hp3jOQhm5k1EAyn9XEuyvJLHT7qurtIuK21rgtPMeJxEWAOP1uCfOT2wD0wHbvMve2zlOSQ5EHXeStE7-uh_t3UHGpowYuCrPK2VrnAwejjdLKM1nDyRTMbCl4BudBEwBTKtadPXwhgnPi_QH_kDhq:1qvTwn:mBGgOEfRUdJnGSO9IvbDaMlTUlMdpTZgxkLbfcbuWt0", "expire_date": "2023-11-08T02:48:41.854Z"}}, {"model": "sessions.session", "pk": "yktw3rej4xjhfbipxek1wkdublylt3f7", "fields": {"session_data": ".eJxVjMsOwiAURP-FtSG8BZfu_QYC93KlaiAp7cr477ZJF7qbzDkzbxbTutS4jjLHCdmFScNOv2VO8CxtJ_hI7d459LbMU-a7wg86-K1jeV0P9--gplG3tdeQFFHWMmRb0NsAaKVAEhTQgQAlzTmI4pNDQqcNkd0y2IAKi3Ts8wUmuTjW:1r8PEE:tYQv_mZU_V5QlGYxWCCM043glDpaMww8Wk1LP3JMO5M", "expire_date": "2023-12-13T18:24:06.166Z"}}, {"model": "AppControlDeClientes.membresia", "pk": 1, "fields": {"nombre": "Mensual", "precio": "15.75", "duracion": 1, "estado": false}}, {"model": "AppControlDeClientes.membresia", "pk": 2, "fields": {"nombre": "Doble", "precio": "30.00", "duracion": 2, "estado": false}}, {"model": "AppControlDeClientes.membresia", "pk": 3, "fields": {"nombre": "Triple", "precio": "40.00", "duracion": 3, "estado": true}}, {"model": "AppControlDeClientes.miembro", "pk": 5, "fields": {"fecha_nac": "2001-09-19", "telefono": "7091-5851", "direcccion": "pureb", "nombreContact": null, "telefonoContact": null, "estado_membresia": 2, "foto": "Miembro/2023/11/07/salir_guapo_en_fotos-605380757.jpg", "genero": 1, "estado": false, "fecha_inicio": null, "fecha_fin": "2024-01-08", "user": 10, "venta_activa": null}}, {"model": "AppControlDeClientes.miembro", "pk": 7, "fields": {"fecha_nac": "2001-10-10", "telefono": "7656-8909", "direcccion": null, "nombreContact": null, "telefonoContact": null, "estado_membresia": 2, "foto": "/static/assets/img/avatares/hombre/1M.jpeg", "genero": 1, "estado": false, "fecha_inicio": null, "fecha_fin": "2023-11-25", "user": 12, "venta_activa": null}}, {"model": "AppControlDeClientes.miembro", "pk": 8, "fields": {"fecha_nac": "1972-04-09", "telefono": null, "direcccion": null, "nombreContact": null, "telefonoContact": null, "estado_membresia": 2, "foto": "/static/assets/img/avatares/mujer/4H.jpeg", "genero": 2, "estado": false, "fecha_inicio": null, "fecha_fin": "2023-12-25", "user": 13, "venta_activa": null}}, {"model": "AppControlDeClientes.miembro", "pk": 9, "fields": {"fecha_nac": "2001-10-02", "telefono": "7737-1702", "direcccion": "Verapaz", "nombreContact": "Roxana Miranda", "telefonoContact": "8239-2130", "estado_membresia": 2, "foto": "/static/assets/img/avatares/mujer/6H.jpeg", "genero": 2, "estado": false, "fecha_inicio": null, "fecha_fin": "2024-01-08", "user": 14, "venta_activa": null}}, {"model": "AppControlDeClientes.miembro", "pk": 10, "fields": {"fecha_nac": "1996-02-12", "telefono": null, "direcccion": "San Vicente", "nombreContact": null, "telefonoContact": null, "estado_membresia": 2, "foto": "/static/assets/img/avatares/hombre/2M.jpeg", "genero": 1, "estado": false, "fecha_inicio": null, "fecha_fin": "2023-12-15", "user": 15, "venta_activa": null}}, {"model": "AppControlDeClientes.historialmiembro", "pk": 1, "fields": {"peso": "60.00", "altura": "1.80", "imc": "18.51851851851851851851851852", "fecha_registro": "2023-11-29", "descripcion": "Volumen sucio", "miembro": 9}}, {"model": "AppControlDeClientes.ventamembresia", "pk": 5, "fields": {"fecha": "2023-10-25", "monto_pagado": "15.75", "empleado": 8, "membresia": 1, "miembro": 7, "fecha_created": "2024-01-16T03:59:42.271Z"}}, {"model": "AppControlDeClientes.ventamembresia", "pk": 6, "fields": {"fecha": "2023-10-25", "monto_pagado": "30.00", "empleado": 8, "membresia": 2, "miembro": 8, "fecha_created": "2024-01-16T03:59:42.271Z"}}, {"model": "AppControlDeClientes.ventamembresia", "pk": 7, "fields": {"fecha": "2023-11-08", "monto_pagado": "30.00", "empleado": 8, "membresia": 2, "miembro": 9, "fecha_created": "2024-01-16T03:59:42.271Z"}}, {"model": "AppControlDeClientes.ventamembresia", "pk": 8, "fields": {"fecha": "2023-11-08", "monto_pagado": "30.00", "empleado": 8, "membresia": 2, "miembro": 5, "fecha_created": "2024-01-16T03:59:42.271Z"}}, {"model": "AppControlDeClientes.ventamembresia", "pk": 9, "fields": {"fecha": "2023-11-15", "monto_pagado": "15.75", "empleado": 8, "membresia": 1, "miembro": 10, "fecha_created": "2024-01-16T03:59:42.271Z"}}, {"model": "AppControlDeClientes.asistencia", "pk": 2, "fields": {"tipo": null, "monto_pagado": null, "fecha": "2023-11-06", "nombre": "", "fecha_created": "2023-11-07T05:46:33.217Z", "miembro": 7, "empleado": 8}}, {"model": "AppControlDeClientes.asistencia", "pk": 3, "fields": {"tipo": null, "monto_pagado": null, "fecha": "2023-11-06", "nombre": "", "fecha_created": "2023-11-07T05:50:02.605Z", "miembro": 8, "empleado": 8}}, {"model": "AppControlDeClientes.asistencia", "pk": 5, "fields": {"tipo": null, "monto_pagado": "1.50", "fecha": "2023-11-07", "nombre": "roberto morales", "fecha_created": "2023-11-07T07:48:57.752Z", "miembro": null, "empleado": 8}}, {"model": "AppControlDeClientes.asistencia", "pk": 7, "fields": {"tipo": null, "monto_pagado": null, "fecha": "2023-11-07", "nombre": "", "fecha_created": "2023-11-07T20:27:25.322Z", "miembro": 7, "empleado": 8}}, {"model": "AppControlDeClientes.asistencia", "pk": 8, "fields": {"tipo": null, "monto_pagado": "1.50", "fecha": "2023-11-07", "nombre": "JUANA", "fecha_created": "2023-11-07T20:30:14.818Z", "miembro": null, "empleado": 8}}, {"model": "AppControlDeClientes.asistencia", "pk": 9, "fields": {"tipo": null, "monto_pagado": null, "fecha": "2023-11-08", "nombre": "", "fecha_created": "2023-11-08T06:48:27.460Z", "miembro": 7, "empleado": 8}}, {"model": "AppControlDeClientes.asistencia", "pk": 10, "fields": {"tipo": null, "monto_pagado": null, "fecha": "2023-11-08", "nombre": "", "fecha_created": "2023-11-08T07:21:03.363Z", "miembro": 7, "empleado": 8}}, {"model": "AppControlDeClientes.asistencia", "pk": 11, "fields": {"tipo": null, "monto_pagado": null, "fecha": "2023-11-08", "nombre": "", "fecha_created": "2023-11-08T08:34:23.743Z", "miembro": 7, "empleado": 8}}, {"model": "AppControlDeClientes.asistencia", "pk": 12, "fields": {"tipo": null, "monto_pagado": null, "fecha": "2023-11-08", "nombre": "", "fecha_created": "2023-11-08T08:55:24.169Z", "miembro": 8, "empleado": 8}}, {"model": "AppControlDeClientes.asistencia", "pk": 13, "fields": {"tipo": null, "monto_pagado": "1.50", "fecha": "2023-11-08", "nombre": "ROBERTO MORALES", "fecha_created": "2023-11-08T09:20:49.794Z", "miembro": null, "empleado": 8}}, {"model": "AppControlDeClientes.asistencia", "pk": 14, "fields": {"tipo": null, "monto_pagado": "1.50", "fecha": "2023-11-08", "nombre": "ROBERTO MORALES", "fecha_created": "2023-11-08T09:23:05.176Z", "miembro": null, "empleado": 8}}, {"model": "AppControlDeClientes.asistencia", "pk": 16, "fields": {"tipo": null, "monto_pagado": null, "fecha": "2023-11-08", "nombre": "", "fecha_created": "2023-11-08T10:30:19.830Z", "miembro": 7, "empleado": 8}}, {"model": "AppControlDeClientes.asistencia", "pk": 17, "fields": {"tipo": null, "monto_pagado": null, "fecha": "2023-11-08", "nombre": "", "fecha_created": "2023-11-08T10:31:15.706Z", "miembro": 7, "empleado": 8}}, {"model": "AppControlDeClientes.asistencia", "pk": 19, "fields": {"tipo": null, "monto_pagado": null, "fecha": "2023-11-08", "nombre": "", "fecha_created": "2023-11-08T10:36:51.592Z", "miembro": 7, "empleado": 8}}, {"model": "AppControlDeClientes.asistencia", "pk": 20, "fields": {"tipo": null, "monto_pagado": null, "fecha": "2023-11-08", "nombre": "", "fecha_created": "2023-11-08T10:50:39.186Z", "miembro": 8, "empleado": 8}}, {"model": "AppControlDeClientes.asistencia", "pk": 21, "fields": {"tipo": null, "monto_pagado": null, "fecha": "2023-11-08", "nombre": "", "fecha_created": "2023-11-08T10:50:56.267Z", "miembro": 7, "empleado": 8}}, {"model": "AppControlDeClientes.asistencia", "pk": 22, "fields": {"tipo": null, "monto_pagado": null, "fecha": "2023-11-08", "nombre": "", "fecha_created": "2023-11-08T10:51:02.589Z", "miembro": 8, "empleado": 8}}, {"model": "AppControlDeClientes.asistencia", "pk": 23, "fields": {"tipo": null, "monto_pagado": null, "fecha": "2023-11-08", "nombre": "", "fecha_created": "2023-11-08T10:51:53.675Z", "miembro": 8, "empleado": 8}}, {"model": "AppControlDeClientes.asistencia", "pk": 24, "fields": {"tipo": null, "monto_pagado": null, "fecha": "2023-11-08", "nombre": "", "fecha_created": "2023-11-08T10:52:59.738Z", "miembro": 8, "empleado": 8}}, {"model": "AppControlDeClientes.asistencia", "pk": 25, "fields": {"tipo": null, "monto_pagado": null, "fecha": "2023-11-08", "nombre": "", "fecha_created": "2023-11-08T10:55:53.148Z", "miembro": 8, "empleado": 8}}, {"model": "AppControlDeClientes.asistencia", "pk": 26, "fields": {"tipo": null, "monto_pagado": null, "fecha": "2023-11-08", "nombre": "", "fecha_created": "2023-11-08T10:59:46.277Z", "miembro": 7, "empleado": 8}}, {"model": "AppControlDeClientes.asistencia", "pk": 27, "fields": {"tipo": null, "monto_pagado": null, "fecha": "2023-11-08", "nombre": "", "fecha_created": "2023-11-08T10:59:50.786Z", "miembro": 8, "empleado": 8}}, {"model": "AppControlDeClientes.asistencia", "pk": 28, "fields": {"tipo": null, "monto_pagado": null, "fecha": "2023-11-08", "nombre": "", "fecha_created": "2023-11-08T11:03:15.208Z", "miembro": 7, "empleado": 8}}, {"model": "AppControlDeClientes.asistencia", "pk": 29, "fields": {"tipo": null, "monto_pagado": null, "fecha": "2023-11-08", "nombre": "", "fecha_created": "2023-11-08T11:05:29.726Z", "miembro": 8, "empleado": 8}}, {"model": "AppControlDeClientes.asistencia", "pk": 30, "fields": {"tipo": null, "monto_pagado": null, "fecha": "2023-11-08", "nombre": "", "fecha_created": "2023-11-08T11:07:30.742Z", "miembro": 8, "empleado": 8}}, {"model": "AppControlDeClientes.asistencia", "pk": 31, "fields": {"tipo": null, "monto_pagado": null, "fecha": "2023-11-08", "nombre": "", "fecha_created": "2023-11-08T11:08:25.630Z", "miembro": 8, "empleado": 8}}, {"model": "AppControlDeClientes.asistencia", "pk": 32, "fields": {"tipo": null, "monto_pagado": null, "fecha": "2023-11-08", "nombre": "", "fecha_created": "2023-11-08T11:08:41.255Z", "miembro": 7, "empleado": 8}}, {"model": "AppControlDeClientes.asistencia", "pk": 33, "fields": {"tipo": null, "monto_pagado": null, "fecha": "2023-11-08", "nombre": "", "fecha_created": "2023-11-08T11:11:52.189Z", "miembro": 8, "empleado": 8}}, {"model": "AppControlDeClientes.asistencia", "pk": 34, "fields": {"tipo": null, "monto_pagado": null, "fecha": "2023-11-08", "nombre": "", "fecha_created": "2023-11-08T11:11:56.262Z", "miembro": 7, "empleado": 8}}, {"model": "AppControlDeClientes.asistencia", "pk": 35, "fields": {"tipo": null, "monto_pagado": null, "fecha": "2023-11-08", "nombre": "", "fecha_created": "2023-11-08T11:13:31.044Z", "miembro": 7, "empleado": 8}}, {"model": "AppControlDeClientes.asistencia", "pk": 36, "fields": {"tipo": null, "monto_pagado": null, "fecha": "2023-11-08", "nombre": "", "fecha_created": "2023-11-08T11:24:29.755Z", "miembro": 7, "empleado": 8}}, {"model": "AppControlDeClientes.asistencia", "pk": 37, "fields": {"tipo": null, "monto_pagado": "1.50", "fecha": "2023-11-08", "nombre": "ROBERTO MORALES", "fecha_created": "2023-11-08T11:31:13.708Z", "miembro": null, "empleado": 8}}, {"model": "AppControlDeClientes.asistencia", "pk": 38, "fields": {"tipo": null, "monto_pagado": null, "fecha": "2023-11-08", "nombre": "", "fecha_created": "2023-11-08T11:33:01.090Z", "miembro": 8, "empleado": 8}}, {"model": "AppControlDeClientes.asistencia", "pk": 39, "fields": {"tipo": null, "monto_pagado": null, "fecha": "2023-11-08", "nombre": "", "fecha_created": "2023-11-08T11:43:44.660Z", "miembro": 7, "empleado": 8}}, {"model": "AppControlDeClientes.asistencia", "pk": 40, "fields": {"tipo": null, "monto_pagado": null, "fecha": "2023-11-08", "nombre": "", "fecha_created": "2023-11-08T11:48:16.282Z", "miembro": 7, "empleado": 8}}, {"model": "AppControlDeClientes.asistencia", "pk": 41, "fields": {"tipo": null, "monto_pagado": null, "fecha": "2023-11-08", "nombre": "", "fecha_created": "2023-11-08T11:48:21.441Z", "miembro": 8, "empleado": 8}}, {"model": "AppControlDeClientes.asistencia", "pk": 42, "fields": {"tipo": null, "monto_pagado": "1.50", "fecha": "2023-11-08", "nombre": "OLIVER QUEEN", "fecha_created": "2023-11-08T11:49:17.102Z", "miembro": null, "empleado": 8}}, {"model": "AppControlDeClientes.asistencia", "pk": 43, "fields": {"tipo": null, "monto_pagado": "1.50", "fecha": "2023-11-08", "nombre": "OLIVER QUEEN", "fecha_created": "2023-11-08T11:49:43.177Z", "miembro": null, "empleado": 8}}, {"model": "AppControlDeClientes.asistencia", "pk": 44, "fields": {"tipo": null, "monto_pagado": null, "fecha": "2023-11-08", "nombre": "", "fecha_created": "2023-11-08T11:50:30.858Z", "miembro": 7, "empleado": 8}}, {"model": "AppControlDeClientes.asistencia", "pk": 45, "fields": {"tipo": null, "monto_pagado": "1.50", "fecha": "2023-11-08", "nombre": "OLIVER QUEEN", "fecha_created": "2023-11-08T11:50:39.747Z", "miembro": null, "empleado": 8}}, {"model": "AppControlDeClientes.asistencia", "pk": 46, "fields": {"tipo": null, "monto_pagado": "1.50", "fecha": "2023-11-08", "nombre": "ROBERTO MORALES", "fecha_created": "2023-11-08T11:50:49.003Z", "miembro": null, "empleado": 8}}, {"model": "AppControlDeClientes.asistencia", "pk": 47, "fields": {"tipo": null, "monto_pagado": null, "fecha": "2023-11-08", "nombre": "", "fecha_created": "2023-11-08T11:51:12.064Z", "miembro": 8, "empleado": 8}}, {"model": "AppControlDeClientes.asistencia", "pk": 48, "fields": {"tipo": null, "monto_pagado": null, "fecha": "2023-11-08", "nombre": "", "fecha_created": "2023-11-08T11:51:16.020Z", "miembro": 7, "empleado": 8}}, {"model": "AppControlDeClientes.asistencia", "pk": 49, "fields": {"tipo": null, "monto_pagado": null, "fecha": "2023-11-08", "nombre": "", "fecha_created": "2023-11-08T11:51:29.013Z", "miembro": 8, "empleado": 8}}, {"model": "AppControlDeClientes.asistencia", "pk": 50, "fields": {"tipo": null, "monto_pagado": null, "fecha": "2023-11-08", "nombre": "", "fecha_created": "2023-11-08T11:53:02.252Z", "miembro": 7, "empleado": 8}}, {"model": "AppControlDeClientes.asistencia", "pk": 51, "fields": {"tipo": null, "monto_pagado": null, "fecha": "2023-11-08", "nombre": "", "fecha_created": "2023-11-08T19:40:01.568Z", "miembro": 9, "empleado": 8}}, {"model": "AppControlDeClientes.asistencia", "pk": 52, "fields": {"tipo": null, "monto_pagado": "1.50", "fecha": "2023-11-08", "nombre": "KEVIN CERON", "fecha_created": "2023-11-08T19:41:03.323Z", "miembro": null, "empleado": 8}}, {"model": "AppControlDeClientes.asistencia", "pk": 53, "fields": {"tipo": null, "monto_pagado": null, "fecha": "2023-11-08", "nombre": "", "fecha_created": "2023-11-08T21:07:46.474Z", "miembro": 8, "empleado": 8}}, {"model": "AppControlDeClientes.asistencia", "pk": 54, "fields": {"tipo": null, "monto_pagado": "1.50", "fecha": "2023-11-08", "nombre": "YASSER GALLARDO", "fecha_created": "2023-11-08T21:10:08.060Z", "miembro": null, "empleado": 8}}, {"model": "AppControlDeClientes.asistencia", "pk": 55, "fields": {"tipo": null, "monto_pagado": null, "fecha": "2023-11-15", "nombre": "", "fecha_created": "2023-11-15T21:51:53.913Z", "miembro": 7, "empleado": 8}}, {"model": "AppControlDeClientes.asistencia", "pk": 56, "fields": {"tipo": null, "monto_pagado": "1.50", "fecha": "2023-11-15", "nombre": "KEVIN LOPEZ", "fecha_created": "2023-11-15T21:52:28.403Z", "miembro": null, "empleado": 8}}, {"model": "AppControlDeClientes.asistencia", "pk": 57, "fields": {"tipo": null, "monto_pagado": null, "fecha": "2023-12-10", "nombre": "", "fecha_created": "2023-12-10T16:52:59.417Z", "miembro": 5, "empleado": 8}}, {"model": "AppControlDeClientes.asistencia", "pk": 58, "fields": {"tipo": null, "monto_pagado": "1.50", "fecha": "2023-12-10", "nombre": "ALEJANDRO AYALA", "fecha_created": "2023-12-10T16:53:27.905Z", "miembro": null, "empleado": 8}}, {"model": "AppControlDeClientes.asistencia", "pk": 59, "fields": {"tipo": null, "monto_pagado": null, "fecha": "2023-12-10", "nombre": "", "fecha_created": "2023-12-10T22:47:05.932Z", "miembro": 9, "empleado": 8}}, {"model": "AppUsers.empresa", "pk": 2, "fields": {"nombre": "Perfect Body", "tarifa": "1.50", "logo": "Empresa/logo-dark.png", "telefono": "2372-0802", "direcccion": "Final pasaje camelias, casa #3, San Sebastián, San Vicente"}}, {"model": "AppUsers.user", "pk": 8, "fields": {"password": "pbkdf2_sha256$600000$BzWyRY76bUJE87rTPN5nMj$HUy3wQQfENubjfCoqtb96UF0kkRm6c+fUp5HbMi5Db4=", "last_login": "2024-01-15T00:12:49.234Z", "is_superuser": false, "username": "angela23", "first_name": "Angela", "last_name": "López", "email": "lopezangela23@gmail.com", "is_staff": false, "is_active": true, "date_joined": "2023-10-25T02:48:39.908Z", "rol": 1, "empresa": null, "primer_ingreso": false, "groups": [], "user_permissions": []}}, {"model": "AppUsers.user", "pk": 10, "fields": {"password": "pbkdf2_sha256$600000$VRDuGquPa2hZqFcU6PLDOY$3YGMWqSfmfEVP6dwxe1hly4Q/ZQsAG7VAdeZPoohxC0=", "last_login": "2023-11-01T00:00:31.116Z", "is_superuser": false, "username": "goonman6699@gmail.com", "first_name": "Roberto", "last_name": "Morales", "email": "goonman6699@gmail.com", "is_staff": false, "is_active": true, "date_joined": "2023-10-25T04:26:18.832Z", "rol": null, "empresa": 2, "primer_ingreso": true, "groups": [], "user_permissions": []}}, {"model": "AppUsers.user", "pk": 12, "fields": {"password": "pbkdf2_sha256$600000$ATu53xRj8NZwMMMdU6GWad$yOokMr0d1j55S8ZJPzUPrKvpi2CdAoIf+goPmPadg6Q=", "last_login": null, "is_superuser": false, "username": "gm20037@ues.edu.sv", "first_name": "Yasser Juvenal", "last_name": "Gallardo", "email": "gm20037@ues.edu.sv", "is_staff": false, "is_active": true, "date_joined": "2023-10-25T17:14:17.515Z", "rol": 3, "empresa": 2, "primer_ingreso": true, "groups": [], "user_permissions": []}}, {"model": "AppUsers.user", "pk": 13, "fields": {"password": "pbkdf2_sha256$600000$HPNY8NnBMDl43vG8q3xO8I$WoIXGngrB/zF24I3no9Oo3OIA6oPqFuCOrFb4Ct34EY=", "last_login": "2023-10-25T21:26:00.167Z", "is_superuser": false, "username": "ana.aguirre@ues.edu.sv", "first_name": "Beatriz", "last_name": "Aguirre", "email": "ana.aguirre@ues.edu.sv", "is_staff": false, "is_active": true, "date_joined": "2023-10-25T21:23:23.021Z", "rol": 3, "empresa": 2, "primer_ingreso": true, "groups": [], "user_permissions": []}}, {"model": "AppUsers.user", "pk": 14, "fields": {"password": "pbkdf2_sha256$600000$xSqynLkwTAajaRhTU0sH0K$2xH2ZXimKk11RsrnMue9JMF3+HiAkwkB1pR9nosuMD0=", "last_login": "2023-11-29T18:24:06.163Z", "is_superuser": false, "username": "mm20119@ues.edu.sv", "first_name": "Rosmery", "last_name": "Miranda", "email": "mm20119@ues.edu.sv", "is_staff": false, "is_active": true, "date_joined": "2023-10-25T21:34:05.466Z", "rol": 3, "empresa": 2, "primer_ingreso": true, "groups": [], "user_permissions": []}}, {"model": "AppUsers.user", "pk": 15, "fields": {"password": "pbkdf2_sha256$600000$jozsSQSIdXHtXuDXPzkPq3$CEfJ4C/lfqHKo8vaZTX+VHUshWSStdVu80nS3KpKgCw=", "last_login": null, "is_superuser": false, "username": "dl14006@ues.edu.sv", "first_name": "Enrique", "last_name": "Dominguez", "email": "dl14006@ues.edu.sv", "is_staff": false, "is_active": true, "date_joined": "2023-11-15T21:42:01.791Z", "rol": null, "empresa": 2, "primer_ingreso": true, "groups": [], "user_permissions": []}}, {"model": "AppInventario.proveedor", "pk": 1, "fields": {"nombre": "Roberto", "telefono": "7007-8", "correo": "asdfasfasf@gmail.com", "direcccion": "sdfsadfasfdf", "estado": false}}, {"model": "AppInventario.proveedor", "pk": 2, "fields": {"nombre": "Roberto Ariel Morales", "telefono": "1111-1111", "correo": "asdfasdf@ues.edu.sv", "direcccion": "sdfsdfsfsdf", "estado": false}}, {"model": "AppInventario.categoria", "pk": 1, "fields": {"nombre": "Bebidas", "perecedero": true, "estado": false}}, {"model": "AppInventario.producto", "pk": 1, "fields": {"nombre": "Galleta", "descripcion": "Sin azucar", "cantidad": 0, "precio_venta": "5.50", "estado": false, "fecha_created": "2024-01-15T12:28:53.416Z", "fecha_updated": "2024-01-15T12:28:53.416Z", "categoriaP": 1, "img": "", "nivel_bajo": 5}}, {"model": "AppInventario.producto", "pk": 2, "fields": {"nombre": "Agua", "descripcion": null, "cantidad": 8, "precio_venta": "3.75", "estado": false, "fecha_created": "2024-01-16T13:31:21.612Z", "fecha_updated": "2024-01-16T13:31:21.612Z", "categoriaP": 1, "img": "", "nivel_bajo": 5}}, {"model": "AppInventario.compra", "pk": 1, "fields": {"cantidad": 5, "precio_unitario": "6.50", "total": "32.50", "fecha_vec": "2025-06-20", "fecha_compra": "2024-01-15", "fecha_created": "2024-01-15T12:34:26.532Z", "fecha_updated": "2024-01-15T12:34:26.532Z", "producto": 1, "proveedor": 1}}, {"model": "AppInventario.compra", "pk": 2, "fields": {"cantidad": 20, "precio_unitario": "4.00", "total": "80.00", "fecha_vec": "2024-02-10", "fecha_compra": "2024-01-16", "fecha_created": "2024-01-16T13:32:05.199Z", "fecha_updated": "2024-01-16T13:32:05.199Z", "producto": 2, "proveedor": 2}}, {"model": "AppInventario.venta", "pk": 1, "fields": {"total": "0.00", "fecha_venta": "2024-01-16", "fecha_created": "2024-01-16T21:08:52.479Z", "empleado": 8}}, {"model": "AppInventario.venta", "pk": 2, "fields": {"total": "0.00", "fecha_venta": "2024-01-16", "fecha_created": "2024-01-16T21:15:18.187Z", "empleado": 8}}, {"model": "AppInventario.venta", "pk": 3, "fields": {"total": "0.00", "fecha_venta": "2024-01-16", "fecha_created": "2024-01-16T21:17:33.022Z", "empleado": 8}}, {"model": "AppInventario.venta", "pk": 4, "fields": {"total": "0.00", "fecha_venta": "2024-01-16", "fecha_created": "2024-01-16T21:22:07.526Z", "empleado": 8}}, {"model": "AppInventario.venta", "pk": 5, "fields": {"total": "0.00", "fecha_venta": "2024-01-16", "fecha_created": "2024-01-16T21:24:29.301Z", "empleado": 8}}, {"model": "AppInventario.venta", "pk": 6, "fields": {"total": "0.00", "fecha_venta": "2024-01-16", "fecha_created": "2024-01-16T21:27:29.348Z", "empleado": 8}}, {"model": "AppInventario.venta", "pk": 7, "fields": {"total": "0.00", "fecha_venta": "2024-01-16", "fecha_created": "2024-01-16T21:37:30.019Z", "empleado": 8}}, {"model": "AppInventario.venta", "pk": 8, "fields": {"total": "0.00", "fecha_venta": "2024-01-16", "fecha_created": "2024-01-16T21:46:22.164Z", "empleado": 8}}, {"model": "AppInventario.venta", "pk": 9, "fields": {"total": "0.00", "fecha_venta": "2024-01-16", "fecha_created": "2024-01-16T21:47:57.158Z", "empleado": 8}}, {"model": "AppInventario.venta", "pk": 10, "fields": {"total": "0.00", "fecha_venta": "2024-01-16", "fecha_created": "2024-01-16T21:52:04.190Z", "empleado": 8}}, {"model": "AppInventario.venta", "pk": 11, "fields": {"total": "0.00", "fecha_venta": "2024-01-16", "fecha_created": "2024-01-16T21:57:14.254Z", "empleado": 8}}, {"model": "AppInventario.venta", "pk": 12, "fields": {"total": "0.00", "fecha_venta": "2024-01-16", "fecha_created": "2024-01-16T22:08:02.477Z", "empleado": 8}}, {"model": "AppInventario.venta", "pk": 13, "fields": {"total": "0.00", "fecha_venta": "2024-01-16", "fecha_created": "2024-01-16T22:09:17.450Z", "empleado": 8}}, {"model": "AppInventario.venta", "pk": 14, "fields": {"total": "0.00", "fecha_venta": "2024-01-16", "fecha_created": "2024-01-16T22:11:43.213Z", "empleado": 8}}, {"model": "AppInventario.venta", "pk": 15, "fields": {"total": "0.00", "fecha_venta": "2024-01-16", "fecha_created": "2024-01-16T22:12:56.468Z", "empleado": 8}}, {"model": "AppInventario.venta", "pk": 16, "fields": {"total": "1.00", "fecha_venta": "2024-01-16", "fecha_created": "2024-01-16T23:36:28.278Z", "empleado": 8}}, {"model": "AppInventario.venta", "pk": 17, "fields": {"total": "100.00", "fecha_venta": "2024-01-16", "fecha_created": "2024-01-16T23:46:49.837Z", "empleado": 8}}, {"model": "AppInventario.venta", "pk": 18, "fields": {"total": "0.00", "fecha_venta": "2024-01-16", "fecha_created": "2024-01-16T23:53:19.216Z", "empleado": 8}}, {"model": "AppInventario.venta", "pk": 19, "fields": {"total": "5.50", "fecha_venta": "2024-01-16", "fecha_created": "2024-01-16T23:56:18.178Z", "empleado": 8}}, {"model": "AppInventario.venta", "pk": 20, "fields": {"total": "67.00", "fecha_venta": "2024-01-16", "fecha_created": "2024-01-17T00:05:49.147Z", "empleado": 8}}, {"model": "AppInventario.venta", "pk": 21, "fields": {"total": "27.50", "fecha_venta": "2024-01-16", "fecha_created": "2024-01-17T03:28:04.121Z", "empleado": 8}}, {"model": "AppInventario.lineaventa", "pk": 1, "fields": {"cantidad": 1, "precio_vendido": "5.50", "subtotal": "5.50", "producto": 1, "venta": 19}}, {"model": "AppInventario.lineaventa", "pk": 2, "fields": {"cantidad": 12, "precio_vendido": "3.75", "subtotal": "45.00", "producto": 2, "venta": 20}}, {"model": "AppInventario.lineaventa", "pk": 3, "fields": {"cantidad": 4, "precio_vendido": "5.50", "subtotal": "22.00", "producto": 1, "venta": 20}}, {"model": "AppInventario.lineaventa", "pk": 4, "fields": {"cantidad": 5, "precio_vendido": "5.50", "subtotal": "27.50", "producto": 1, "venta": 21}}, {"model": "AppInventarioMaquinaria.maquinaria", "pk": 1, "fields": {"nombre": "asdf", "descripcion": "asdfasdf", "foto": "", "categoriaM": "Maquinas", "estado_maquina": "No Disponible", "empresa": null}}, {"model": "AppInventarioMaquinaria.maquinaria", "pk": 2, "fields": {"nombre": "Bicicleta Estacionaria", "descripcion": "300 ci Pro-Form", "foto": "maquinaria/biciSpining.jpg", "categoriaM": "Cardio", "estado_maquina": "Reparacion", "empresa": null}}, {"model": "AppInventarioMaquinaria.maquinaria", "pk": 3, "fields": {"nombre": "ZG930", "descripcion": "Roja", "foto": "", "categoriaM": "Accesorios", "estado_maquina": "Disponible", "empresa": null}}, {"model": "AppInventarioMaquinaria.historialmaquinaria", "pk": 3, "fields": {"tipo": "Preventivo", "detalle": "adsf", "fecha_fin": "2023-10-31", "fecha_ini": "2023-10-29", "maquinaria": 2}}, {"model": "AppInventarioMaquinaria.historialmaquinaria", "pk": 4, "fields": {"tipo": "Correctivo", "detalle": "asdf", "fecha_fin": "2023-10-31", "fecha_ini": "2023-10-30", "maquinaria": 2}}, {"model": "AppInventarioMaquinaria.historialmaquinaria", "pk": 7, "fields": {"tipo": "Preventivo", "detalle": "", "fecha_fin": "2023-11-01", "fecha_ini": "2023-10-31", "maquinaria": 2}}, {"model": "AppInventarioMaquinaria.historialmaquinaria", "pk": 8, "fields": {"tipo": "Preventivo", "detalle": "", "fecha_fin": "2023-11-02", "fecha_ini": "2023-10-31", "maquinaria": 3}}, {"model": "AppInventarioMaquinaria.historialmaquinaria", "pk": 11, "fields": {"tipo": "Correctivo", "detalle": "", "fecha_fin": null, "fecha_ini": "2023-11-02", "maquinaria": 2}}]